{
    "9": {
        "11": [
            -0.17660511496949788,
            -0.0684203425621774
        ],
        "10": [
            -0.10787470671046458,
            -0.021417292351008924
        ],
        "4": [
            0.07093535898639138,
            0.15979798216799623
        ],
        "6": [
            0.018796574378226197,
            0.11323979352416703
        ],
        "5": [
            -0.006068864382918816,
            0.076995893946504
        ],
        "8": [
            -0.0030140778977005957,
            0.07840884561238853
        ],
        "3": [
            0.06291295166588456,
            0.14999683247301734
        ],
        "1": [
            0.10601243547630221,
            0.18700093852651337
        ],
        "7": [
            0.11013972313467855,
            0.19794990614734864
        ],
        "2": [
            0.035984162365086815,
            0.1191336227123416
        ],
        "12": [
            0.020239793524167056,
            0.12004622243078364
        ]
    },
    "11": {
        "10": [
            -0.0481803415941058,
            0.028370227729403875
        ],
        "4": [
            0.15918544876088417,
            0.24616158740790356
        ],
        "6": [
            0.09706580709979906,
            0.1790700770261219
        ],
        "5": [
            0.06822630609511052,
            0.1576169624916276
        ],
        "8": [
            0.13996634293369056,
            0.22697973878097788
        ],
        "3": [
            0.15673367381111855,
            0.23645219356999325
        ],
        "1": [
            0.2095450435365037,
            0.29095261219022106
        ],
        "7": [
            0.22085942732752845,
            0.3114719524447421
        ],
        "2": [
            0.17242565304755525,
            0.2524163596784996
        ],
        "12": [
            0.2086598292029471,
            0.30111562290689886
        ]
    },
    "10": {
        "4": [
            0.1266450813871196,
            0.19161128803963196
        ],
        "6": [
            0.06505024769992923,
            0.13735270700636942
        ],
        "5": [
            0.089453025477707,
            0.1615659058740269
        ],
        "8": [
            0.10849150743099786,
            0.1760552016985138
        ],
        "3": [
            0.12565215852795472,
            0.1912712314225053
        ],
        "1": [
            0.19571939136588817,
            0.2628880042462845
        ],
        "7": [
            0.19472956475583864,
            0.2615846602972399
        ],
        "2": [
            0.10894391365888181,
            0.18005042462845008
        ],
        "12": [
            0.12082121372965322,
            0.20361801132342527
        ]
    },
    "4": {
        "6": [
            -0.05391706730769229,
            0.022990384615384572
        ],
        "5": [
            -0.09827115384615384,
            -0.017663221153846158
        ],
        "8": [
            -0.052479807692307694,
            0.019796153846153842
        ],
        "3": [
            -0.026374759615384605,
            0.05234326923076923
        ],
        "1": [
            -0.008397596153846148,
            0.06773870192307692
        ],
        "7": [
            -0.030039423076923057,
            0.048562499999999995
        ],
        "2": [
            -0.08194447115384615,
            -0.008901682692307724
        ],
        "12": [
            -0.05836346153846154,
            0.041285817307692305
        ]
    },
    "6": {
        "5": [
            -0.05662517337031899,
            0.014493238557558921
        ],
        "8": [
            0.03263297503467407,
            0.09195475034674062
        ],
        "3": [
            0.015061026352288497,
            0.08089736477115116
        ],
        "1": [
            0.047640603328710125,
            0.11095423023578363
        ],
        "7": [
            0.06901681692094314,
            0.1300176837725381
        ],
        "2": [
            -0.014359396671289876,
            0.052287794729542286
        ],
        "12": [
            -0.07980946601941748,
            0.014094140083217712
        ]
    },
    "5": {
        "8": [
            -0.005364027149321265,
            0.07564253393665157
        ],
        "3": [
            -0.011560859728506786,
            0.06000203619909499
        ],
        "1": [
            0.04626425339366517,
            0.12483755656108596
        ],
        "7": [
            0.044345701357466065,
            0.11396176470588233
        ],
        "2": [
            -0.011017873303167412,
            0.06364660633484161
        ],
        "12": [
            -0.07668484162895929,
            0.03649705882352938
        ]
    },
    "8": {
        "3": [
            0.006249599358974363,
            0.06859675480769228
        ],
        "1": [
            0.09608433493589744,
            0.16192548076923077
        ],
        "7": [
            0.04871113782051282,
            0.1264054487179487
        ],
        "2": [
            -0.03340985576923076,
            0.03936718749999998
        ],
        "12": [
            -0.09279627403846155,
            0.02293850160256409
        ]
    },
    "3": {
        "1": [
            -0.005477235550708836,
            0.042373636859323875
        ],
        "7": [
            0.01079934569247547,
            0.06552576335877862
        ],
        "2": [
            -0.042823200654307524,
            0.00657033805888767
        ],
        "12": [
            -0.017336423118865865,
            0.03202140130861505
        ]
    },
    "1": {
        "7": [
            0.004755382131324019,
            0.08718972012917114
        ],
        "2": [
            -0.0983702906350915,
            -0.033839612486544685
        ],
        "12": [
            0.013473627556512387,
            0.08756512378902045
        ]
    },
    "7": {
        "2": [
            -0.09843356092436974,
            -0.03772636554621849
        ],
        "12": [
            -0.14216334033613445,
            -0.03680593487394959
        ]
    },
    "2": {
        "12": [
            -0.029275568181818177,
            0.02925892857142857
        ]
    }
}