{
    "9": {
        "11": -0.12412482402627874,
        "10": -0.05581886438291881,
        "4": 0.10480056311590805,
        "6": 0.06235570154856877,
        "5": 0.037137494134209297,
        "8": 0.039572970436414834,
        "3": 0.10129985922102301,
        "1": 0.14381980290943217,
        "7": 0.16824495541999063,
        "2": 0.07807602064758327,
        "12": 0.0924730173627405
    },
    "11": {
        "10": -0.017052913596785003,
        "4": 0.18952444742129934,
        "6": 0.12989953114534497,
        "5": 0.10560281312793032,
        "8": 0.18317481580709977,
        "3": 0.19560951105157406,
        "1": 0.24921299397186866,
        "7": 0.280324849296718,
        "2": 0.21405559276624245,
        "12": 0.25400870730073677
    },
    "10": {
        "4": 0.1364897381457891,
        "6": 0.11456475583864119,
        "5": 0.12066525123849961,
        "8": 0.14735314932767166,
        "3": 0.16195682944090586,
        "1": 0.2298478414720453,
        "7": 0.25402335456475583,
        "2": 0.15257254069355983,
        "12": 0.15793347487615006
    },
    "4": {
        "6": -0.019240384615384607,
        "5": -0.056634615384615374,
        "8": -0.034211538461538474,
        "3": 0.0008942307692307689,
        "1": 0.02550961538461538,
        "7": 0.03171153846153847,
        "2": -0.04383653846153846,
        "12": -0.0047692307692307765
    },
    "6": {
        "5": -0.02414701803051316,
        "8": 0.05770457697642166,
        "3": 0.054147018030513173,
        "1": 0.08216366158113732,
        "7": 0.10561719833564498,
        "2": 0.016130374479889055,
        "12": -0.00850208044382805
    },
    "5": {
        "8": 0.039719457013574676,
        "3": 0.023954751131221724,
        "1": 0.08619909502262443,
        "7": 0.10148416289592758,
        "2": 0.02914027149321266,
        "12": -0.014208144796380107
    },
    "8": {
        "3": 0.03403044871794869,
        "1": 0.1289423076923077,
        "7": 0.08258814102564102,
        "2": 0.004222756410256407,
        "12": -0.008349358974358987
    },
    "3": {
        "1": 0.014242093784078527,
        "7": 0.053555070883315174,
        "2": -0.019656488549618312,
        "12": -0.00418756815703381
    },
    "1": {
        "7": 0.03795479009687838,
        "2": -0.05828848223896665,
        "12": 0.05567276641550053
    },
    "7": {
        "2": -0.04842436974789917,
        "12": -0.08788865546218486
    },
    "2": {
        "12": 0.0019155844155844036
    }
}