{
    "9": {
        "11": [
            -0.8174829892069452,
            -0.635047864852182
        ],
        "10": [
            -0.5468612153918349,
            -0.4239270295635852
        ],
        "4": [
            -0.1292918817456593,
            -0.041073205068043184
        ],
        "6": [
            -0.20796480525574848,
            -0.10338444392304083
        ],
        "5": [
            -0.19466928671984984,
            -0.09409866259971844
        ],
        "8": [
            -0.3200551384326607,
            -0.22412881276396066
        ],
        "3": [
            -0.1436756217738151,
            -0.0491478179258564
        ],
        "1": [
            -0.046653918348193296,
            0.04816682308775223
        ],
        "7": [
            -0.039765133740028144,
            0.05502393242609101
        ],
        "2": [
            -0.11574354763022056,
            -0.02554610511496951
        ],
        "12": [
            -0.014912717034256204,
            0.08514899108399811
        ]
    },
    "11": {
        "10": [
            -0.5137281480241125,
            -0.39833146349631615
        ],
        "4": [
            -0.09987675820495645,
            0.0008692230408573266
        ],
        "6": [
            -0.11711302746148694,
            -0.008693402545211032
        ],
        "5": [
            -0.18040045210984595,
            -0.07106781647689217
        ],
        "8": [
            -0.08647521768251841,
            0.00891033154722035
        ],
        "3": [
            -0.10375326523777628,
            -0.010051155391828553
        ],
        "1": [
            0.02939894507702612,
            0.11020621232417947
        ],
        "7": [
            0.13046843603482922,
            0.21764601473543196
        ],
        "2": [
            -0.0467560281312793,
            0.048151038178164754
        ],
        "12": [
            0.027273024112525114,
            0.11995169122572001
        ]
    },
    "10": {
        "4": [
            -0.16477609695682946,
            -0.06987800778485492
        ],
        "6": [
            -0.13635633404104744,
            -0.04918356334041049
        ],
        "5": [
            -0.2484589525831564,
            -0.15556917905166312
        ],
        "8": [
            -0.16818356334041049,
            -0.07213738499646144
        ],
        "3": [
            -0.1172958244869073,
            -0.03945214083510268
        ],
        "1": [
            0.00655449398443029,
            0.07795612172682236
        ],
        "7": [
            0.03743559801840057,
            0.11810270700636942
        ],
        "2": [
            -0.13217763623496107,
            -0.050380573248407674
        ],
        "12": [
            0.021806528662420385,
            0.10453211252653925
        ]
    },
    "4": {
        "6": [
            -0.28006009615384614,
            -0.18617500000000003
        ],
        "5": [
            -0.3426163461538461,
            -0.23953942307692308
        ],
        "8": [
            -0.3341324519230769,
            -0.22922091346153844
        ],
        "3": [
            -0.2637769230769231,
            -0.16870576923076924
        ],
        "1": [
            -0.19260072115384616,
            -0.10605985576923078
        ],
        "7": [
            -0.15826346153846152,
            -0.06470240384615385
        ],
        "2": [
            -0.27634879807692303,
            -0.1927209134615385
        ],
        "12": [
            -0.18417283653846153,
            -0.08231802884615386
        ]
    },
    "6": {
        "5": [
            -0.24060280859916783,
            -0.14744382801664355
        ],
        "8": [
            -0.15510696948682384,
            -0.07251889736477118
        ],
        "3": [
            -0.12459587378640775,
            -0.04430253120665742
        ],
        "1": [
            -0.05238869625520111,
            0.016212378640776685
        ],
        "7": [
            -0.006898578363384189,
            0.06750381414701805
        ],
        "2": [
            -0.16948231622746185,
            -0.09004646324549238
        ],
        "12": [
            -0.08714840499306518,
            0.0021196255201109205
        ]
    },
    "5": {
        "8": [
            -0.2141730769230769,
            -0.11599479638009051
        ],
        "3": [
            -0.25595882352941174,
            -0.1482821266968326
        ],
        "1": [
            -0.1197502262443439,
            -0.033838687782805445
        ],
        "7": [
            -0.051808371040723965,
            0.03371832579185519
        ],
        "2": [
            -0.2564626696832579,
            -0.15738959276018102
        ],
        "12": [
            -0.23313235294117646,
            -0.11187963800904979
        ]
    },
    "8": {
        "3": [
            -0.18988661858974357,
            -0.10437660256410257
        ],
        "1": [
            -0.047309695512820514,
            0.0306544471153846
        ],
        "7": [
            -0.16210997596153845,
            -0.07127283653846155
        ],
        "2": [
            -0.19101442307692307,
            -0.10902644230769233
        ],
        "12": [
            -0.08475060096153844,
            0.01766306089743589
        ]
    },
    "3": {
        "1": [
            -0.23420597055616138,
            -0.16006543075245366
        ],
        "7": [
            -0.11780670665212649,
            -0.04962609051254089
        ],
        "2": [
            -0.256231052344602,
            -0.18975627044711013
        ],
        "12": [
            -0.18092107415485278,
            -0.11324959105779717
        ]
    },
    "1": {
        "7": [
            -0.19141603875134552,
            -0.08338213132400431
        ],
        "2": [
            -0.31203121636167924,
            -0.21329063509149626
        ],
        "12": [
            -0.28741846071044136,
            -0.1848487621097955
        ]
    },
    "7": {
        "2": [
            -0.2614456407563025,
            -0.17550997899159668
        ],
        "12": [
            -0.17192620798319327,
            -0.07123765756302525
        ]
    },
    "2": {
        "12": [
            -0.2107197646103896,
            -0.11965949675324676
        ]
    }
}