{
    "9": {
        "11": [
            -0.631216564992961,
            -0.4596469967151572
        ],
        "10": [
            -0.43820190051618957,
            -0.3300391834819334
        ],
        "4": [
            -0.10438022055373065,
            -0.016342444861567357
        ],
        "6": [
            -0.14815872829657437,
            -0.051953660253402194
        ],
        "5": [
            -0.18789476771468794,
            -0.09306581417175037
        ],
        "8": [
            -0.244991787893008,
            -0.1554540122008447
        ],
        "3": [
            -0.11645506804317222,
            -0.028560769591740993
        ],
        "1": [
            -0.01636109807602063,
            0.07049483810417644
        ],
        "7": [
            -0.008256217738151075,
            0.07723650868137023
        ],
        "2": [
            -0.08897078836227121,
            0.0011206006569684907
        ],
        "12": [
            -0.011415884561238859,
            0.0855335523228531
        ]
    },
    "11": {
        "10": [
            -0.363593854655057,
            -0.2652448091091762
        ],
        "4": [
            -0.043279052243804385,
            0.06243854655056931
        ],
        "6": [
            -0.06246592431346281,
            0.02935465505693236
        ],
        "5": [
            -0.14822019423978566,
            -0.044162843268586736
        ],
        "8": [
            -0.0326755693235097,
            0.06609109176155391
        ],
        "3": [
            -0.008664685197588748,
            0.07431438379102476
        ],
        "1": [
            0.07457719356999329,
            0.15875946081714667
        ],
        "7": [
            0.16159402210314802,
            0.2591309444072338
        ],
        "2": [
            0.013993636972538514,
            0.10276364701942398
        ],
        "12": [
            0.07500661419959814,
            0.16726816811788342
        ]
    },
    "10": {
        "4": [
            -0.09556802901627744,
            -0.0032965322009908793
        ],
        "6": [
            -0.07491932059447982,
            -0.00189746992215147
        ],
        "5": [
            -0.15933934890304316,
            -0.07421930290162773
        ],
        "8": [
            -0.0900634288747346,
            -0.007768223637650421
        ],
        "3": [
            -0.057348106864826616,
            0.026738676574663757
        ],
        "1": [
            0.0615184890304317,
            0.12788216560509552
        ],
        "7": [
            0.08523434182590234,
            0.16270063694267517
        ],
        "2": [
            -0.05692560155697098,
            0.02127910474168435
        ],
        "12": [
            0.05379529370134466,
            0.12454440905874026
        ]
    },
    "4": {
        "6": [
            -0.22763125,
            -0.13767740384615385
        ],
        "5": [
            -0.2802512019230769,
            -0.17979254807692305
        ],
        "8": [
            -0.24822572115384617,
            -0.16078701923076924
        ],
        "3": [
            -0.2029389423076923,
            -0.11104206730769232
        ],
        "1": [
            -0.13240480769230767,
            -0.0514990384615385
        ],
        "7": [
            -0.12380649038461539,
            -0.03136923076923078
        ],
        "2": [
            -0.224803125,
            -0.1458286057692308
        ],
        "12": [
            -0.17094495192307693,
            -0.06686899038461538
        ]
    },
    "6": {
        "5": [
            -0.2062385575589459,
            -0.11834812760055478
        ],
        "8": [
            -0.11601785714285716,
            -0.03574167822468795
        ],
        "3": [
            -0.10543307905686546,
            -0.029329403606102738
        ],
        "1": [
            -0.031881588072122054,
            0.036861477115117884
        ],
        "7": [
            0.005307558945908471,
            0.06817180998613037
        ],
        "2": [
            -0.13136442441054091,
            -0.0602205270457698
        ],
        "12": [
            -0.09426941747572815,
            -0.0034108876560332885
        ]
    },
    "5": {
        "8": [
            -0.1293961538461538,
            -0.04454049773755659
        ],
        "3": [
            -0.19937375565610857,
            -0.0976162895927602
        ],
        "1": [
            -0.07583733031674207,
            0.007770588235294101
        ],
        "7": [
            0.0008730769230769281,
            0.08239502262443436
        ],
        "2": [
            -0.16813144796380092,
            -0.08806085972850679
        ],
        "12": [
            -0.24238484162895918,
            -0.11357579185520364
        ]
    },
    "8": {
        "3": [
            -0.17324979967948717,
            -0.08832992788461543
        ],
        "1": [
            -0.010642227564102567,
            0.06675060096153845
        ],
        "7": [
            -0.11998397435897436,
            -0.040270232371794876
        ],
        "2": [
            -0.1543251201923077,
            -0.08327183493589745
        ],
        "12": [
            -0.07118790064102565,
            0.03107812499999999
        ]
    },
    "3": {
        "1": [
            -0.17273895856052346,
            -0.10862050163576882
        ],
        "7": [
            -0.07239803707742638,
            -0.011224918211559439
        ],
        "2": [
            -0.20343143402399125,
            -0.1455218102508179
        ],
        "12": [
            -0.15512527262813522,
            -0.0926872955288986
        ]
    },
    "1": {
        "7": [
            -0.11735037674919267,
            -0.025572927879440276
        ],
        "2": [
            -0.30845640473627556,
            -0.21646797631862216
        ],
        "12": [
            -0.20714720129171152,
            -0.11520505920344458
        ]
    },
    "7": {
        "2": [
            -0.19821691176470588,
            -0.129937237394958
        ],
        "12": [
            -0.13739810924369747,
            -0.048283876050420206
        ]
    },
    "2": {
        "12": [
            -0.17043445616883116,
            -0.09170515422077923
        ]
    }
}