{
    "9": {
        "11": -0.1228015016424214,
        "10": -0.0654293758798686,
        "4": 0.11351008916001877,
        "6": 0.06507273580478648,
        "5": 0.0373908962928203,
        "8": 0.037179727827311104,
        "3": 0.10328953542937588,
        "1": 0.14365086813702488,
        "7": 0.15246363209760674,
        "2": 0.07615204129516658,
        "12": 0.07019709056780853
    },
    "11": {
        "10": -0.010284661754855987,
        "4": 0.20115874079035498,
        "6": 0.13376423308774282,
        "5": 0.11180509042196916,
        "8": 0.1821064969859343,
        "3": 0.19353315472203617,
        "1": 0.24716342933690555,
        "7": 0.26255190890823843,
        "2": 0.2130609511051574,
        "12": 0.25279638312123237
    },
    "10": {
        "4": 0.1588075017692852,
        "6": 0.09992922859164896,
        "5": 0.12164189667374378,
        "8": 0.14328025477707007,
        "3": 0.1572717622080679,
        "1": 0.2286659589525831,
        "7": 0.22716914366595897,
        "2": 0.14444090587402686,
        "12": 0.1631422505307856
    },
    "4": {
        "6": -0.01714423076923077,
        "5": -0.05581730769230771,
        "8": -0.014778846153846158,
        "3": 0.009586538461538468,
        "1": 0.028884615384615377,
        "7": 0.008057692307692318,
        "2": -0.04492307692307692,
        "12": -0.008980769230769235
    },
    "6": {
        "5": -0.02362690707350901,
        "8": 0.062059639389736444,
        "3": 0.045700416088765586,
        "1": 0.08113730929264909,
        "7": 0.09848127600554785,
        "2": 0.017794729542302365,
        "12": -0.034438280166435485
    },
    "5": {
        "8": 0.03487782805429866,
        "3": 0.02563800904977376,
        "1": 0.085972850678733,
        "7": 0.08314932126696835,
        "2": 0.02663348416289592,
        "12": -0.025429864253393674
    },
    "8": {
        "3": 0.03645833333333331,
        "1": 0.1283173076923077,
        "7": 0.0891746794871795,
        "2": 0.0019150641025640917,
        "12": -0.033822115384615416
    },
    "3": {
        "1": 0.016755725190839704,
        "7": 0.03742093784078519,
        "2": -0.017219193020719736,
        "12": 0.006472191930207192
    },
    "1": {
        "7": 0.045522066738428436,
        "2": -0.06604951560818084,
        "12": 0.05092572658772875
    },
    "7": {
        "2": -0.06878151260504202,
        "12": -0.08873949579831932
    },
    "2": {
        "12": 0.0020779220779220684
    }
}