{
    "9": {
        "11": -0.5457860159549508,
        "10": -0.3867292351008916,
        "4": -0.06029094321914594,
        "6": -0.10043172219615204,
        "5": -0.13671984983575788,
        "8": -0.20072735804786485,
        "3": -0.07419990614734868,
        "1": 0.025424683247301766,
        "7": 0.03292351008916,
        "2": -0.04738620366025341,
        "12": 0.03534021586109805
    },
    "11": {
        "10": -0.3140689886135298,
        "4": 0.011784996651038196,
        "6": -0.018405894172806424,
        "5": -0.09935030140656399,
        "8": 0.013318821165438746,
        "3": 0.03240455458807767,
        "1": 0.11770261219022105,
        "7": 0.2064969859343604,
        "2": 0.056091761553918325,
        "12": 0.12271265907568654
    },
    "10": {
        "4": -0.052087756546355286,
        "6": -0.040679405520169826,
        "5": -0.11764331210191084,
        "8": -0.04914366595895262,
        "3": -0.016949752300070762,
        "1": 0.09489030431705588,
        "7": 0.12325902335456478,
        "2": -0.017420382165605083,
        "12": 0.09127034677990094
    },
    "4": {
        "6": -0.1830576923076923,
        "5": -0.22791346153846154,
        "8": -0.20128846153846155,
        "3": -0.15710576923076924,
        "1": -0.09193269230769231,
        "7": -0.07520192307692307,
        "2": -0.18778846153846154,
        "12": -0.11862500000000001
    },
    "6": {
        "5": -0.15990291262135922,
        "8": -0.07624826629680997,
        "3": -0.06644244105409158,
        "1": 0.002122052704576958,
        "7": 0.03844660194174757,
        "2": -0.09705963938973647,
        "12": -0.050208044382801686
    },
    "5": {
        "8": -0.08545701357466064,
        "3": -0.14961085972850677,
        "1": -0.03395475113122172,
        "7": 0.038434389140271516,
        "2": -0.12960180995475115,
        "12": -0.174579185520362
    },
    "8": {
        "3": -0.13391025641025642,
        "1": 0.02552884615384612,
        "7": -0.08147435897435894,
        "2": -0.11796474358974357,
        "12": -0.018285256410256405
    },
    "3": {
        "1": -0.1424809160305344,
        "7": -0.041930207197382774,
        "2": -0.17507088331515816,
        "12": -0.12204471101417669
    },
    "1": {
        "7": -0.07121636167922496,
        "2": -0.26058127018299243,
        "12": -0.16187298170075348
    },
    "7": {
        "2": -0.16813025210084034,
        "12": -0.0905357142857143
    },
    "2": {
        "12": -0.1281168831168831
    }
}