{
    "9": {
        "11": [
            -0.18264981229469732,
            -0.06632355701548572
        ],
        "10": [
            -0.09871527451900516,
            -0.009963632097606766
        ],
        "4": [
            0.06335523228531206,
            0.14207085875175973
        ],
        "6": [
            0.016713162834350072,
            0.1154097841389019
        ],
        "5": [
            -0.004746597841389005,
            0.08128918348193336
        ],
        "8": [
            -9.760675739088132e-05,
            0.08720905678085404
        ],
        "3": [
            0.06060534960112624,
            0.1445613561708118
        ],
        "1": [
            0.1070827076489911,
            0.19311227123416233
        ],
        "7": [
            0.13091787893007978,
            0.21150457531675262
        ],
        "2": [
            0.03663432660722665,
            0.12198873768183949
        ],
        "12": [
            0.04355021116846554,
            0.14036133270764892
        ]
    },
    "11": {
        "10": [
            -0.05526448425987942,
            0.024579035498995302
        ],
        "4": [
            0.1488301239115874,
            0.23368101138647018
        ],
        "6": [
            0.08672103148024113,
            0.17742088077695906
        ],
        "5": [
            0.06330006697923644,
            0.15224321835231078
        ],
        "8": [
            0.1435447086403215,
            0.2268360683188211
        ],
        "3": [
            0.15889559611520426,
            0.23563169792364363
        ],
        "1": [
            0.20703106162089752,
            0.28864668452779635
        ],
        "7": [
            0.23862809778968522,
            0.33082166778298727
        ],
        "2": [
            0.17195755190890824,
            0.26019658405894175
        ],
        "12": [
            0.21069733757535167,
            0.2963395847287341
        ]
    },
    "10": {
        "4": [
            0.10494010969568295,
            0.1712800778485492
        ],
        "6": [
            0.07722116065109697,
            0.14899133050247698
        ],
        "5": [
            0.08436119957537155,
            0.15638013092710537
        ],
        "8": [
            0.11176353503184715,
            0.1824815994338287
        ],
        "3": [
            0.12938694267515924,
            0.1963741153573956
        ],
        "1": [
            0.19861049186128804,
            0.2698825194621373
        ],
        "7": [
            0.21842781316348195,
            0.28742374380750174
        ],
        "2": [
            0.1166044762915782,
            0.18615631634819532
        ],
        "12": [
            0.12194975230007077,
            0.19707758315640478
        ]
    },
    "4": {
        "6": [
            -0.05745769230769229,
            0.019520673076923067
        ],
        "5": [
            -0.09963245192307692,
            -0.021287019230769234
        ],
        "8": [
            -0.07127884615384615,
            0.005291105769230745
        ],
        "3": [
            -0.03548149038461538,
            0.04069783653846154
        ],
        "1": [
            -0.016184134615384607,
            0.061316346153846145
        ],
        "7": [
            -0.00035240384615384094,
            0.07065480769230767
        ],
        "2": [
            -0.07958557692307691,
            -0.003511538461538476
        ],
        "12": [
            -0.04726466346153845,
            0.04082884615384615
        ]
    },
    "6": {
        "5": [
            -0.06069244105409153,
            0.007662447988904299
        ],
        "8": [
            0.02558252427184467,
            0.09043030513176142
        ],
        "3": [
            0.021750866851595007,
            0.08292527739251039
        ],
        "1": [
            0.052205443828016646,
            0.11983703190013867
        ],
        "7": [
            0.07469192094313457,
            0.1392141123439667
        ],
        "2": [
            -0.013531726768377253,
            0.04811945214979194
        ],
        "12": [
            -0.05304351595006935,
            0.03353380721220525
        ]
    },
    "5": {
        "8": [
            -0.0037644796380090382,
            0.07748823529411762
        ],
        "3": [
            -0.014728959276018095,
            0.06247692307692306
        ],
        "1": [
            0.04854457013574661,
            0.12498393665158371
        ],
        "7": [
            0.06420882352941178,
            0.13591696832579184
        ],
        "2": [
            -0.009069230769230765,
            0.0671101809954751
        ],
        "12": [
            -0.06141923076923077,
            0.03268891402714931
        ]
    },
    "8": {
        "3": [
            0.0038082932692307643,
            0.06471895032051281
        ],
        "1": [
            0.0968505608974359,
            0.16240004006410258
        ],
        "7": [
            0.048736177884615386,
            0.11815905448717945
        ],
        "2": [
            -0.032709134615384605,
            0.03865464743589743
        ],
        "12": [
            -0.061890625000000005,
            0.043273637820512786
        ]
    },
    "3": {
        "1": [
            -0.008976962922573604,
            0.04016671210468921
        ],
        "7": [
            0.027859869138495096,
            0.08203121592148307
        ],
        "2": [
            -0.04503435114503817,
            0.004400763358778623
        ],
        "12": [
            -0.03210387131952017,
            0.023546346782987986
        ]
    },
    "1": {
        "7": [
            -0.002887513455328294,
            0.07836329386437028
        ],
        "2": [
            -0.09191092572658775,
            -0.021189989235737363
        ],
        "12": [
            0.01795048439181916,
            0.09540688912809472
        ]
    },
    "7": {
        "2": [
            -0.0792767857142857,
            -0.019236344537815135
        ],
        "12": [
            -0.14169275210084034,
            -0.03503335084033613
        ]
    },
    "2": {
        "12": [
            -0.027458400974025972,
            0.03349817370129869
        ]
    }
}