{
    "9": {
        "11": -0.7283904270295637,
        "10": -0.4857578601595495,
        "4": -0.08282496480525577,
        "6": -0.1546644767714688,
        "5": -0.14519943688409195,
        "8": -0.27292351008916,
        "3": -0.10007508212106989,
        "1": -0.0012388549976536773,
        "7": 0.005753167526982633,
        "2": -0.0707320506804317,
        "12": 0.03183951196621303
    },
    "11": {
        "10": -0.45478566644340246,
        "4": -0.0469256530475553,
        "6": -0.06494641661085068,
        "5": -0.1295579370395177,
        "8": -0.04078365706630942,
        "3": -0.05761219022103149,
        "1": 0.06814467515070333,
        "7": 0.17088412592096452,
        "2": 0.0028600133958472753,
        "12": 0.07403215003348962
    },
    "10": {
        "4": -0.12211606510969567,
        "6": -0.09416135881104033,
        "5": -0.1987296532200991,
        "8": -0.12053078556263273,
        "3": -0.08178697806086341,
        "1": 0.04151804670912949,
        "7": 0.07661358811040342,
        "2": -0.09166666666666665,
        "12": 0.06546709129511677
    },
    "4": {
        "6": -0.23185576923076923,
        "5": -0.28859615384615384,
        "8": -0.27996153846153843,
        "3": -0.2187403846153846,
        "1": -0.14792307692307696,
        "7": -0.11530769230769229,
        "2": -0.2364519230769231,
        "12": -0.13298076923076924
    },
    "6": {
        "5": -0.19355062413314839,
        "8": -0.11425104022191397,
        "3": -0.08445908460471567,
        "1": -0.019750346740637977,
        "7": 0.028925104022191426,
        "2": -0.1285298196948682,
        "12": -0.040436893203883495
    },
    "5": {
        "8": -0.16850678733031674,
        "3": -0.2058371040723982,
        "1": -0.07492307692307694,
        "7": -0.004742081447963797,
        "2": -0.20536651583710408,
        "12": -0.1751131221719457
    },
    "8": {
        "3": -0.14896634615384619,
        "1": -0.0060496794871794735,
        "7": -0.11983173076923077,
        "2": -0.1514583333333333,
        "12": -0.034142628205128214
    },
    "3": {
        "1": -0.19497818974918213,
        "7": -0.08252998909487462,
        "2": -0.22056706652126498,
        "12": -0.14582333696837513
    },
    "1": {
        "7": -0.1391280947255113,
        "2": -0.2607534983853606,
        "12": -0.23218514531754575
    },
    "7": {
        "2": -0.2157563025210084,
        "12": -0.12118697478991598
    },
    "2": {
        "12": -0.16164772727272725
    }
}